index,name,stage,teacher,outside_interval_fraction,input_std,input_absmax,local_relative_rmse,derivative_negative_fraction,derivative_absmax,embedding_cosine_mean,embedding_relative_rmse,pairwise_cosine_mae,embedding_norm_ratio_mean,downstream_probe,downstream_std_ratio,downstream_absmax_ratio
0,prelu,stem,PReLU,0.0,0.17558571315053625,2.945467948913574,1.297194943899481,0.0008544921875,1.3695478439331055,0.34581929445266724,0.9536606285156862,0.16475778818130493,0.5146408081054688,layer1.0.prelu,1.1666180522997567,1.0217052515396363
1,layer1.0.prelu,layer1,PReLU,0.0,0.4127785236644599,3.3810009956359863,0.5232064664957002,0.03607177734375,1.554716944694519,0.7687045931816101,0.6623025484961467,0.15602952241897583,0.6019993424415588,layer1.1.prelu,0.9845089925386069,0.981386426430863
2,layer1.1.prelu,layer1,PReLU,0.0,0.33365134701164395,1.813881278038025,0.8256362427056779,0.012451171875,1.049738883972168,0.7239302396774292,0.7384167740338499,0.18307280540466309,0.9878590106964111,layer1.2.prelu,1.3815701057087457,1.3738637787356975
3,layer1.2.prelu,layer1,PReLU,0.0,0.21939199075505397,1.8068729639053345,1.7045861408540082,0.00054931640625,0.729454517364502,0.5873520970344543,0.8273728408833878,0.05062096193432808,0.4212683439254761,layer2.0.prelu,1.562953007908979,1.4693659296631547
4,layer2.0.prelu,layer2,PReLU,0.0,0.20808863925698526,1.6067028045654297,1.873077204279529,0.0025634765625,0.8452146053314209,0.11250720173120499,1.1681792010353953,0.2431366741657257,0.7284969091415405,layer2.1.prelu,2.3234143973275794,1.850016166442812
5,layer2.1.prelu,layer2,PReLU,0.0,0.09288024472354334,0.6581181287765503,4.388481743537095,0.0,0.6883252263069153,0.011722194030880928,1.0835516825200167,0.1795031577348709,0.4289594292640686,layer2.2.prelu,8.360592185641163,5.6187623217933655
6,layer2.2.prelu,layer2,PReLU,0.0,0.09497005936042349,0.6264651417732239,5.6780843523302025,0.0,0.6789981126785278,-0.06534933298826218,1.334050796338013,0.19898256659507751,0.8230528831481934,layer2.3.prelu,13.5741783112205,13.706598842872106
7,layer2.3.prelu,layer2,PReLU,0.0,0.11663560717550467,0.623889148235321,3.253356445885254,0.0,0.6210230588912964,0.14636316895484924,1.0475654598711122,0.2044195681810379,0.49134114384651184,layer3.0.prelu,4.07480124203063,2.1001039488192816
8,layer3.0.prelu,layer3,PReLU,0.0,0.10049815596881043,1.1285732984542847,4.150422618147195,0.0,0.6087538599967957,0.01824374683201313,1.171559410959136,0.21572746336460114,0.6300676465034485,layer3.1.prelu,5.335276796483814,5.271190416994491
9,layer3.1.prelu,layer3,PReLU,0.0,0.05381399718579315,0.31034204363822937,7.91720642137025,0.0,0.5949887037277222,-0.049853455275297165,1.5019938772986572,0.24410203099250793,1.0755980014801025,layer3.2.prelu,10.788085867224689,8.773628912157067
10,layer3.2.prelu,layer3,PReLU,0.0,0.0715271965652917,0.5296670198440552,8.495377358412723,0.0,0.5695902109146118,-0.00025891527184285223,1.5615456406404984,0.23937773704528809,1.203153371810913,layer3.3.prelu,12.514685777265546,10.168029104504143
11,layer3.3.prelu,layer3,PReLU,0.0,0.0802516277637608,0.5884832739830017,7.540465307767971,0.0,0.6160541772842407,0.02511586807668209,1.6189847261852526,0.23595111072063446,1.3023518323898315,layer3.4.prelu,13.731080386105356,8.753741315749656
12,layer3.4.prelu,layer3,PReLU,0.0,0.0635250257026402,0.5901094675064087,8.264529252201381,0.0,0.5699440240859985,0.019723068922758102,1.3020062903468208,0.22795982658863068,0.8563634753227234,layer3.5.prelu,7.494951916501556,7.714814516190819
13,layer3.5.prelu,layer3,PReLU,0.0,0.04946553571258724,0.32674872875213623,8.06738265095732,0.0,0.5667781233787537,0.13687372207641602,1.119422283770513,0.13791270554065704,0.6605751514434814,layer3.6.prelu,4.283345705197454,4.507907370474396
14,layer3.6.prelu,layer3,PReLU,0.0,0.050546814519290086,0.4145822525024414,10.737724501869904,0.0,0.5263785719871521,0.29923707246780396,0.9996887542847733,0.17559371888637543,0.5992540121078491,layer3.7.prelu,2.4079397904794893,3.0779999914649694
15,layer3.7.prelu,layer3,PReLU,0.0,0.049427390687353384,0.34219297766685486,9.700872384336455,0.0,0.5601904392242432,0.02655697427690029,1.1443720575549303,0.20814962685108185,0.5856066346168518,layer3.8.prelu,2.697335939603121,2.523361188459878
16,layer3.8.prelu,layer3,PReLU,0.0,0.05505503989782423,0.37367480993270874,10.095236702374283,0.0,0.5437889099121094,-0.003332860767841339,1.178071957317483,0.2188151627779007,0.6207969188690186,layer3.9.prelu,4.2020934715300795,4.149652347842651
17,layer3.9.prelu,layer3,PReLU,0.0,0.07248737961910455,0.5819839239120483,9.83491684636694,0.0,0.5188353657722473,-0.013050589710474014,1.6175671166831513,0.24298204481601715,1.2625226974487305,layer3.10.prelu,6.8978577517035875,7.484189981001215
18,layer3.10.prelu,layer3,PReLU,0.0,0.06710132474164168,0.4178239107131958,7.8502420832670845,0.0,0.5433494448661804,0.05017673596739769,1.1428283286434937,0.18559926748275757,0.6078251600265503,layer3.11.prelu,6.205455403838495,5.094141932728198
19,layer3.11.prelu,layer3,PReLU,0.0,0.07032059283373714,0.5637702345848083,8.454686324266707,0.0,0.5716961622238159,0.17533409595489502,1.274527862887032,0.19625143706798553,0.98753821849823,layer3.12.prelu,3.8738665895337134,3.488740636622156
20,layer3.12.prelu,layer3,PReLU,0.0,0.07643551441506648,0.5957916378974915,7.233370057553597,0.0,0.6601104140281677,0.12024109810590744,1.1762176574047256,0.2247156947851181,0.7532695531845093,layer3.13.prelu,4.886081326067032,5.1587563029583245
21,layer3.13.prelu,layer3,PReLU,0.0,0.08848125692299057,0.641394853591919,6.406095535377562,0.0,0.5797621011734009,0.3066200613975525,1.1059711908335168,0.2283204197883606,0.8717780113220215,layer4.0.prelu,2.9595287013633387,2.9707533107189406
22,layer4.0.prelu,layer4,PReLU,0.0,0.08274812510306068,0.5461687445640564,5.57413884187589,0.0,0.5983529686927795,0.19555465877056122,3.366719881038733,0.21535371243953705,3.4279279708862305,layer4.1.prelu,5.349767464349008,4.700694285907578
23,layer4.1.prelu,layer4,PReLU,0.0,0.08121954759616917,0.8845670223236084,7.870292200364002,0.0,0.5832686424255371,0.23326273262500763,3.2591063831234957,0.2409866601228714,3.35471248626709,layer4.2.prelu,17.282674105324226,11.789944362306292
24,layer4.2.prelu,layer4,PReLU,0.0,0.048286681203265854,0.40502092242240906,9.352121092766831,0.0,0.579928994178772,0.29490184783935547,3.2178714608842767,0.23582559823989868,3.378549098968506,embedding,3.3660728626893555,3.1215340576649337
