run_id,path,family_hint,review_status,checkpoints_count,configs_count,metrics_count,logs_count
adaptive_conversion_kd5_20260915,work_dirs/adaptive_conversion_kd5_20260915,controlled_degree2,needs_review,2,1,5,0
adaptive_conversion_pilot_20260915,work_dirs/adaptive_conversion_pilot_20260915,controlled_degree2,needs_review,2,1,5,0
adaptive_conversion_smoke_20260915,work_dirs/adaptive_conversion_smoke_20260915,controlled_degree2,needs_review,2,1,5,0
casia_r50_pillar_espn_smoke,work_dirs/casia_r50_pillar_espn_smoke,polynomial_conversion,needs_review,15,0,0,20
channelwise_exact_head_20260915,work_dirs/channelwise_exact_head_20260915,channelwise_calibration,needs_review,7,3,13,0
channelwise_goal_383290,work_dirs/channelwise_goal_383290,channelwise_calibration,needs_review,2,1,1,0
channelwise_guarded_smoke_20260914,work_dirs/channelwise_guarded_smoke_20260914,channelwise_calibration,needs_review,2,1,1,0
channelwise_ijbc96_20260914,work_dirs/channelwise_ijbc96_20260914,channelwise_calibration,needs_review,4,1,8,0
channelwise_ijbc96_diag_20260914,work_dirs/channelwise_ijbc96_diag_20260914,channelwise_calibration,needs_review,18,1,22,4
channelwise_ijbc96_guarded_20260914,work_dirs/channelwise_ijbc96_guarded_20260914,channelwise_calibration,needs_review,4,1,4,0
channelwise_ijbc96_guarded_resume_20260914,work_dirs/channelwise_ijbc96_guarded_resume_20260914,channelwise_calibration,needs_review,28,13,86,60
channelwise_ijbc96_nopath_20260914,work_dirs/channelwise_ijbc96_nopath_20260914,channelwise_calibration,needs_review,18,1,31,12
channelwise_ijbc96_nostress_20260914,work_dirs/channelwise_ijbc96_nostress_20260914,channelwise_calibration,needs_review,18,1,21,2
channelwise_linear_head_20260915,work_dirs/channelwise_linear_head_20260915,channelwise_calibration,needs_review,5,1,8,0
channelwise_pair_geometry_20260915,work_dirs/channelwise_pair_geometry_20260915,channelwise_calibration,needs_review,4,1,7,0
channelwise_pair_geometry_8000_20260915,work_dirs/channelwise_pair_geometry_8000_20260915,channelwise_calibration,needs_review,4,1,7,0
channelwise_population_probe_20260915,work_dirs/channelwise_population_probe_20260915,channelwise_calibration,needs_review,0,0,1,2
channelwise_prelu_verified_20260915,work_dirs/channelwise_prelu_verified_20260915,baseline,needs_review,1,0,5,0
channelwise_template_anchor03_20260915,work_dirs/channelwise_template_anchor03_20260915,channelwise_calibration,needs_review,4,1,7,0
channelwise_template_cache_20260915,work_dirs/channelwise_template_cache_20260915,channelwise_calibration,needs_review,1,1,0,0
channelwise_template_cache_expanded_20260915,work_dirs/channelwise_template_cache_expanded_20260915,channelwise_calibration,needs_review,1,1,0,0
channelwise_template_geometry_20260915,work_dirs/channelwise_template_geometry_20260915,channelwise_calibration,needs_review,4,1,7,0
channelwise_template_population_20260915,work_dirs/channelwise_template_population_20260915,channelwise_calibration,needs_review,4,1,7,0
channelwise_template_population_expanded_20260915,work_dirs/channelwise_template_population_expanded_20260915,channelwise_calibration,needs_review,4,1,7,0
channelwise_template_supervised01_20260915,work_dirs/channelwise_template_supervised01_20260915,channelwise_calibration,needs_review,4,1,10,0
channelwise_template_tail01_20260915,work_dirs/channelwise_template_tail01_20260915,channelwise_calibration,needs_review,4,1,7,0
channelwise_template_tail02_20260915,work_dirs/channelwise_template_tail02_20260915,channelwise_calibration,needs_review,4,1,7,0
controlled_degree2_accuracy_recovery_frozen_l3_v2_20260908,work_dirs/controlled_degree2_accuracy_recovery_frozen_l3_v2_20260908,controlled_degree2,needs_review,1,1,0,2
controlled_degree2_accuracy_recovery_head_only_v3_20260908,work_dirs/controlled_degree2_accuracy_recovery_head_only_v3_20260908,controlled_degree2,needs_review,3,1,2,4
controlled_degree2_accuracy_recovery_ms1mv3_v1_20260908,work_dirs/controlled_degree2_accuracy_recovery_ms1mv3_v1_20260908,controlled_degree2,needs_review,3,1,2,4
controlled_degree2_tail_ms1mv3_20260907,work_dirs/controlled_degree2_tail_ms1mv3_20260907,controlled_degree2,needs_review,7,2,3,4
controlled_degree2_tail_ms1mv3_adversarial_smoke2_20260908,work_dirs/controlled_degree2_tail_ms1mv3_adversarial_smoke2_20260908,controlled_degree2,needs_review,3,1,0,2
controlled_degree2_tail_ms1mv3_adversarial_v6_20260908,work_dirs/controlled_degree2_tail_ms1mv3_adversarial_v6_20260908,controlled_degree2,needs_review,3,1,2,4
controlled_degree2_tail_ms1mv3_bn_contract_v14_20260908,work_dirs/controlled_degree2_tail_ms1mv3_bn_contract_v14_20260908,controlled_degree2,needs_review,1,35,14,26
controlled_degree2_tail_ms1mv3_causal_fixed_smoke2_20260908,work_dirs/controlled_degree2_tail_ms1mv3_causal_fixed_smoke2_20260908,controlled_degree2,needs_review,3,1,0,2
controlled_degree2_tail_ms1mv3_causal_fixed_smoke3_20260908,work_dirs/controlled_degree2_tail_ms1mv3_causal_fixed_smoke3_20260908,controlled_degree2,needs_review,3,1,0,2
controlled_degree2_tail_ms1mv3_causal_fixed_smoke_20260908,work_dirs/controlled_degree2_tail_ms1mv3_causal_fixed_smoke_20260908,controlled_degree2,needs_review,3,1,0,2
controlled_degree2_tail_ms1mv3_causal_fixed_v5_20260908,work_dirs/controlled_degree2_tail_ms1mv3_causal_fixed_v5_20260908,controlled_degree2,needs_review,4,1,4,10
controlled_degree2_tail_ms1mv3_damping_v8_20260908,work_dirs/controlled_degree2_tail_ms1mv3_damping_v8_20260908,controlled_degree2,needs_review,2,10,5,14
controlled_degree2_tail_ms1mv3_deployment_v7_20260908,work_dirs/controlled_degree2_tail_ms1mv3_deployment_v7_20260908,controlled_degree2,needs_review,3,11,2,8
controlled_degree2_tail_ms1mv3_deployment_v7_hard_smoke,work_dirs/controlled_degree2_tail_ms1mv3_deployment_v7_hard_smoke,controlled_degree2,needs_review,3,1,0,2
controlled_degree2_tail_ms1mv3_deployment_v7_smoke,work_dirs/controlled_degree2_tail_ms1mv3_deployment_v7_smoke,controlled_degree2,needs_review,3,6,0,4
controlled_degree2_tail_ms1mv3_deployment_v8_hard_smoke,work_dirs/controlled_degree2_tail_ms1mv3_deployment_v8_hard_smoke,controlled_degree2,needs_review,2,1,0,2
controlled_degree2_tail_ms1mv3_exact_v10_20260908,work_dirs/controlled_degree2_tail_ms1mv3_exact_v10_20260908,controlled_degree2,needs_review,0,1,0,2
controlled_degree2_tail_ms1mv3_exact_v11_20260908,work_dirs/controlled_degree2_tail_ms1mv3_exact_v11_20260908,controlled_degree2,needs_review,3,1,0,2
controlled_degree2_tail_ms1mv3_lam4_20260908,work_dirs/controlled_degree2_tail_ms1mv3_lam4_20260908,controlled_degree2,needs_review,4,1,4,8
controlled_degree2_tail_ms1mv3_layer3x2_20260908,work_dirs/controlled_degree2_tail_ms1mv3_layer3x2_20260908,controlled_degree2,needs_review,3,1,2,4
controlled_degree2_tail_ms1mv3_localbn_v13_20260908,work_dirs/controlled_degree2_tail_ms1mv3_localbn_v13_20260908,controlled_degree2,needs_review,3,1,0,2
controlled_degree2_tail_ms1mv3_narrow_guard_v4_20260908,work_dirs/controlled_degree2_tail_ms1mv3_narrow_guard_v4_20260908,controlled_degree2,needs_review,5,1,6,8
controlled_degree2_tail_ms1mv3_refine125_20260908,work_dirs/controlled_degree2_tail_ms1mv3_refine125_20260908,controlled_degree2,needs_review,3,1,4,2
controlled_degree2_tail_ms1mv3_relative_v12_20260908,work_dirs/controlled_degree2_tail_ms1mv3_relative_v12_20260908,controlled_degree2,needs_review,0,1,0,2
controlled_degree2_tail_ms1mv3_safe_v9_20260908,work_dirs/controlled_degree2_tail_ms1mv3_safe_v9_20260908,controlled_degree2,needs_review,9,4,0,10
controlled_degree2_tail_source_causal_v16_20260909,work_dirs/controlled_degree2_tail_source_causal_v16_20260909,controlled_degree2,needs_review,8,15,17,42
controlled_degree2_tail_source_channel_v17_20260909,work_dirs/controlled_degree2_tail_source_channel_v17_20260909,controlled_degree2,needs_review,12,15,23,58
controlled_degree2_tail_source_channel_v18_20260909,work_dirs/controlled_degree2_tail_source_channel_v18_20260909,controlled_degree2,needs_review,10,20,28,44
controlled_degree2_tail_source_union_v15_20260909,work_dirs/controlled_degree2_tail_source_union_v15_20260909,controlled_degree2,needs_review,3,15,17,14
controlled_direct_degree2,work_dirs/controlled_direct_degree2,controlled_degree2,needs_review,9,3,3,4
ms1mv3_mbf,work_dirs/ms1mv3_mbf,other_backbones,needs_review,1,0,0,1
ms1mv3_poolformer_s24,work_dirs/ms1mv3_poolformer_s24,other_backbones,needs_review,1,0,0,1
ms1mv3_poolformer_s24_fully_gated_affine_fp32,work_dirs/ms1mv3_poolformer_s24_fully_gated_affine_fp32,other_backbones,needs_review,8,0,0,1
ms1mv3_poolformer_s24_fully_gated_affine_grouped_fp32,work_dirs/ms1mv3_poolformer_s24_fully_gated_affine_grouped_fp32,other_backbones,needs_review,12,0,0,1
ms1mv3_poolformer_s24_fully_gated_fp32,work_dirs/ms1mv3_poolformer_s24_fully_gated_fp32,other_backbones,needs_review,1,0,1,1
ms1mv3_poolformer_s24_fully_gated_frozen_std_fp32,work_dirs/ms1mv3_poolformer_s24_fully_gated_frozen_std_fp32,other_backbones,needs_review,6,0,0,1
ms1mv3_poolformer_s24_fully_gated_prepbn_fp32,work_dirs/ms1mv3_poolformer_s24_fully_gated_prepbn_fp32,other_backbones,needs_review,0,0,0,1
ms1mv3_poolformer_s24_fully_gated_spatial_frozen_std_fp32,work_dirs/ms1mv3_poolformer_s24_fully_gated_spatial_frozen_std_fp32,other_backbones,needs_review,6,0,0,1
ms1mv3_poolformer_s24_gelu12_fp32,work_dirs/ms1mv3_poolformer_s24_gelu12_fp32,other_backbones,needs_review,1,0,0,4
ms1mv3_poolformer_s24_gelu8_fp32,work_dirs/ms1mv3_poolformer_s24_gelu8_fp32,other_backbones,needs_review,1,0,0,1
ms1mv3_poolformer_s24_mlp2,work_dirs/ms1mv3_poolformer_s24_mlp2,other_backbones,needs_review,1,0,0,1
ms1mv3_poolformer_s24_no_ln,work_dirs/ms1mv3_poolformer_s24_no_ln,other_backbones,needs_review,1,0,0,1
ms1mv3_poolformer_s24_no_ln_no_gelu,work_dirs/ms1mv3_poolformer_s24_no_ln_no_gelu,other_backbones,needs_review,1,0,0,1
ms1mv3_poolformer_s24_no_ln_x2_act,work_dirs/ms1mv3_poolformer_s24_no_ln_x2_act,other_backbones,needs_review,19,0,0,6
ms1mv3_poolformer_s24_no_ln_x2_act_reverse_1block,work_dirs/ms1mv3_poolformer_s24_no_ln_x2_act_reverse_1block,other_backbones,needs_review,0,0,0,1
ms1mv3_poolformer_s36,work_dirs/ms1mv3_poolformer_s36,other_backbones,needs_review,1,0,0,1
ms1mv3_poolformer_s36_speedup,work_dirs/ms1mv3_poolformer_s36_speedup,other_backbones,needs_review,0,0,0,1
ms1mv3_r50,work_dirs/ms1mv3_r50,baseline,needs_review,1,0,4,1
ms1mv3_r50_cheby8_finetune,work_dirs/ms1mv3_r50_cheby8_finetune,polynomial_conversion,needs_review,9,0,0,1
ms1mv3_r50_herpn,work_dirs/ms1mv3_r50_herpn,polynomial_conversion,needs_review,20,0,0,7
ms1mv3_r50_herpn_blockwise,work_dirs/ms1mv3_r50_herpn_blockwise,polynomial_conversion,needs_review,1,0,0,1
ms1mv3_r50_herpn_epoch10_channelwise_linear9,work_dirs/ms1mv3_r50_herpn_epoch10_channelwise_linear9,reduced_nonlinearity,needs_review,1,0,1,4
ms1mv3_r50_herpn_epoch10_linear9_layer3_9_low_lr,work_dirs/ms1mv3_r50_herpn_epoch10_linear9_layer3_9_low_lr,reduced_nonlinearity,needs_review,3,0,2,3
ms1mv3_r50_herpn_epoch10_linear9_layer3_9_recovery,work_dirs/ms1mv3_r50_herpn_epoch10_linear9_layer3_9_recovery,reduced_nonlinearity,needs_review,4,0,3,5
ms1mv3_r50_herpn_epoch10_linear9_layer42,work_dirs/ms1mv3_r50_herpn_epoch10_linear9_layer42,reduced_nonlinearity,needs_review,11,0,1,42
ms1mv3_r50_herpn_epoch10_linear9_prelu_slope_recovery,work_dirs/ms1mv3_r50_herpn_epoch10_linear9_prelu_slope_recovery,reduced_nonlinearity,needs_review,0,0,0,16
ms1mv3_r50_herpn_epoch10_linear9_screen,work_dirs/ms1mv3_r50_herpn_epoch10_linear9_screen,reduced_nonlinearity,needs_review,0,0,3,8
ms1mv3_r50_herpn_epoch10_linear_sites,work_dirs/ms1mv3_r50_herpn_epoch10_linear_sites,reduced_nonlinearity,needs_review,3,0,3,2
ms1mv3_r50_herpn_epoch10_selective9_layer42,work_dirs/ms1mv3_r50_herpn_epoch10_selective9_layer42,reduced_nonlinearity,needs_review,0,0,0,5
ms1mv3_r50_herpn_epoch10_selective9_layer42_natural,work_dirs/ms1mv3_r50_herpn_epoch10_selective9_layer42_natural,reduced_nonlinearity,needs_review,0,0,0,10
ms1mv3_r50_herpn_full_conversion_phase1,work_dirs/ms1mv3_r50_herpn_full_conversion_phase1,polynomial_conversion,needs_review,14,0,9,56
ms1mv3_r50_herpn_full_conversion_phase1_epoch24_plus3,work_dirs/ms1mv3_r50_herpn_full_conversion_phase1_epoch24_plus3,polynomial_conversion,needs_review,8,0,6,3
ms1mv3_r50_herpn_full_conversion_phase1_epoch24_plus3_aborted_job335637_high_lr,work_dirs/ms1mv3_r50_herpn_full_conversion_phase1_epoch24_plus3_aborted_job335637_high_lr,polynomial_conversion,needs_review,0,0,0,3
ms1mv3_r50_herpn_full_conversion_phase2_bn,work_dirs/ms1mv3_r50_herpn_full_conversion_phase2_bn,polynomial_conversion,needs_review,1,0,2,2
ms1mv3_r50_herpn_full_conversion_phase2_causal_layer20,work_dirs/ms1mv3_r50_herpn_full_conversion_phase2_causal_layer20,polynomial_conversion,needs_review,6,0,2,7
ms1mv3_r50_herpn_full_conversion_phase2_conflict_aware_recovery,work_dirs/ms1mv3_r50_herpn_full_conversion_phase2_conflict_aware_recovery,polynomial_conversion,needs_review,8,0,6,3
ms1mv3_r50_herpn_full_conversion_phase2_hard_tail_recovery,work_dirs/ms1mv3_r50_herpn_full_conversion_phase2_hard_tail_recovery,polynomial_conversion,needs_review,0,0,0,0
ms1mv3_r50_herpn_full_conversion_phase2_ijbc_calibration,work_dirs/ms1mv3_r50_herpn_full_conversion_phase2_ijbc_calibration,polynomial_conversion,needs_review,6,0,6,3
ms1mv3_r50_herpn_full_conversion_phase2_ijbc_focus1,work_dirs/ms1mv3_r50_herpn_full_conversion_phase2_ijbc_focus1,polynomial_conversion,needs_review,5,0,8,5
ms1mv3_r50_herpn_full_conversion_phase2_ijbc_tail_mining,work_dirs/ms1mv3_r50_herpn_full_conversion_phase2_ijbc_tail_mining,polynomial_conversion,needs_review,0,0,5,2
ms1mv3_r50_herpn_full_conversion_phase2_joint_grouped_recovery,work_dirs/ms1mv3_r50_herpn_full_conversion_phase2_joint_grouped_recovery,polynomial_conversion,needs_review,7,0,0,3
ms1mv3_r50_herpn_full_conversion_phase2_joint_recovery,work_dirs/ms1mv3_r50_herpn_full_conversion_phase2_joint_recovery,polynomial_conversion,needs_review,7,0,4,7
ms1mv3_r50_herpn_full_conversion_phase2_joint_tensor_recovery,work_dirs/ms1mv3_r50_herpn_full_conversion_phase2_joint_tensor_recovery,polynomial_conversion,needs_review,7,0,4,11
ms1mv3_r50_herpn_full_conversion_phase2_ms1mv3_calibration,work_dirs/ms1mv3_r50_herpn_full_conversion_phase2_ms1mv3_calibration,polynomial_conversion,needs_review,6,0,6,3
ms1mv3_r50_herpn_full_conversion_phase2_ms1mv3_focus1,work_dirs/ms1mv3_r50_herpn_full_conversion_phase2_ms1mv3_focus1,polynomial_conversion,needs_review,3,0,4,3
ms1mv3_r50_herpn_full_conversion_phase2_ms1mv3_robust_margin,work_dirs/ms1mv3_r50_herpn_full_conversion_phase2_ms1mv3_robust_margin,polynomial_conversion,needs_review,6,0,6,3
ms1mv3_r50_herpn_full_conversion_phase2_ms1mv3_robust_margin_focus1,work_dirs/ms1mv3_r50_herpn_full_conversion_phase2_ms1mv3_robust_margin_focus1,polynomial_conversion,needs_review,7,0,8,3
ms1mv3_r50_herpn_full_conversion_phase2_ms1mv3_tail_mining_all25,work_dirs/ms1mv3_r50_herpn_full_conversion_phase2_ms1mv3_tail_mining_all25,polynomial_conversion,needs_review,0,0,5,2
ms1mv3_r50_herpn_full_conversion_phase2_ms1mv3_tail_mining_top4096,work_dirs/ms1mv3_r50_herpn_full_conversion_phase2_ms1mv3_tail_mining_top4096,polynomial_conversion,needs_review,0,0,5,2
ms1mv3_r50_herpn_full_conversion_phase2_quadratic_probe,work_dirs/ms1mv3_r50_herpn_full_conversion_phase2_quadratic_probe,polynomial_conversion,needs_review,2,0,8,8
ms1mv3_r50_herpn_full_conversion_phase2_tail_mining,work_dirs/ms1mv3_r50_herpn_full_conversion_phase2_tail_mining,polynomial_conversion,needs_review,0,0,5,4
ms1mv3_r50_herpn_full_conversion_phase2_tail_recovery,work_dirs/ms1mv3_r50_herpn_full_conversion_phase2_tail_recovery,polynomial_conversion,needs_review,7,0,4,7
ms1mv3_r50_herpn_full_conversion_phase2_wider_ms1mv3_focus1,work_dirs/ms1mv3_r50_herpn_full_conversion_phase2_wider_ms1mv3_focus1,polynomial_conversion,needs_review,6,0,11,3
ms1mv3_r50_herpn_full_conversion_phase2_wider_ms1mv3_focus2,work_dirs/ms1mv3_r50_herpn_full_conversion_phase2_wider_ms1mv3_focus2,polynomial_conversion,needs_review,3,0,6,4
ms1mv3_r50_herpn_full_conversion_phase2_wider_robust_margin,work_dirs/ms1mv3_r50_herpn_full_conversion_phase2_wider_robust_margin,polynomial_conversion,needs_review,3,0,3,16
ms1mv3_r50_herpn_full_conversion_phase2_wider_tail_mining,work_dirs/ms1mv3_r50_herpn_full_conversion_phase2_wider_tail_mining,polynomial_conversion,needs_review,0,0,5,2
ms1mv3_r50_herpn_residual_scale,work_dirs/ms1mv3_r50_herpn_residual_scale,polynomial_conversion,needs_review,1,0,0,1
ms1mv3_r50_layerwise_poly_d2,work_dirs/ms1mv3_r50_layerwise_poly_d2,polynomial_conversion,needs_review,33,0,0,1
ms1mv3_r50_layerwise_poly_group4_d2,work_dirs/ms1mv3_r50_layerwise_poly_group4_d2,polynomial_conversion,needs_review,13,0,1,1
ms1mv3_r50_layerwise_poly_group4_d2_causal_recovery,work_dirs/ms1mv3_r50_layerwise_poly_group4_d2_causal_recovery,polynomial_conversion,needs_review,6,0,0,1
ms1mv3_r50_layerwise_poly_hard_containment_stem,work_dirs/ms1mv3_r50_layerwise_poly_hard_containment_stem,polynomial_conversion,needs_review,20,0,2,26
ms1mv3_r50_layerwise_poly_hard_containment_stem_aborted_job322012_workers2,work_dirs/ms1mv3_r50_layerwise_poly_hard_containment_stem_aborted_job322012_workers2,polynomial_conversion,needs_review,0,0,1,3
ms1mv3_r50_nl13,work_dirs/ms1mv3_r50_nl13,reduced_nonlinearity,needs_review,1,0,3,1
ms1mv3_r50_nl13_precise_relu_d4_s16,work_dirs/ms1mv3_r50_nl13_precise_relu_d4_s16,reduced_nonlinearity,needs_review,14,0,0,8
ms1mv3_r50_nl13_precise_relu_d4_s32,work_dirs/ms1mv3_r50_nl13_precise_relu_d4_s32,reduced_nonlinearity,needs_review,0,0,0,8
ms1mv3_r50_nl13_precise_relu_d8_s16,work_dirs/ms1mv3_r50_nl13_precise_relu_d8_s16,reduced_nonlinearity,needs_review,14,0,0,8
ms1mv3_r50_nl13_prelu_herpn,work_dirs/ms1mv3_r50_nl13_prelu_herpn,reduced_nonlinearity,needs_review,12,0,1,55
ms1mv3_r50_nl13_prelu_herpn_scaled,work_dirs/ms1mv3_r50_nl13_prelu_herpn_scaled,reduced_nonlinearity,needs_review,15,0,1,76
ms1mv3_r50_nl13_prelu_herpn_scaled_group06_accuracy_recovery,work_dirs/ms1mv3_r50_nl13_prelu_herpn_scaled_group06_accuracy_recovery,reduced_nonlinearity,needs_review,27,0,3,8
ms1mv3_r50_nl13_prelu_herpn_scaled_recover_group03,work_dirs/ms1mv3_r50_nl13_prelu_herpn_scaled_recover_group03,reduced_nonlinearity,needs_review,22,0,4,8
ms1mv3_r50_nl13_prelu_herpn_selective7_layer41,work_dirs/ms1mv3_r50_nl13_prelu_herpn_selective7_layer41,reduced_nonlinearity,needs_review,13,0,0,8
ms1mv3_r50_nl13_prelu_herpn_selective7_layer42,work_dirs/ms1mv3_r50_nl13_prelu_herpn_selective7_layer42,reduced_nonlinearity,needs_review,19,0,2,8
ms1mv3_r50_nl13_prelu_herpn_selective8_layer42_layer41,work_dirs/ms1mv3_r50_nl13_prelu_herpn_selective8_layer42_layer41,reduced_nonlinearity,needs_review,18,0,1,1
ms1mv3_r50_nl13_prelu_herpn_selective8_layer42_layer41_recovered,work_dirs/ms1mv3_r50_nl13_prelu_herpn_selective8_layer42_layer41_recovered,reduced_nonlinearity,needs_review,18,0,2,1
ms1mv3_r50_nl13_prelu_herpn_selective8_recovered_distill,work_dirs/ms1mv3_r50_nl13_prelu_herpn_selective8_recovered_distill,reduced_nonlinearity,needs_review,13,0,1,1
ms1mv3_r50_nl13_prelu_herpn_selective8_recovered_distill_lr1e3,work_dirs/ms1mv3_r50_nl13_prelu_herpn_selective8_recovered_distill_lr1e3,reduced_nonlinearity,needs_review,11,0,1,1
ms1mv3_r50_nl13_prelu_herpn_selective8_resume_distill,work_dirs/ms1mv3_r50_nl13_prelu_herpn_selective8_resume_distill,reduced_nonlinearity,needs_review,12,0,2,1
ms1mv3_r50_nl13_prelu_herpn_selective8_resume_distill_lr3e4,work_dirs/ms1mv3_r50_nl13_prelu_herpn_selective8_resume_distill_lr3e4,reduced_nonlinearity,needs_review,10,0,1,1
ms1mv3_r50_nl13_prelu_herpn_selective9_layer42_layer41_layer40_from_recovered8,work_dirs/ms1mv3_r50_nl13_prelu_herpn_selective9_layer42_layer41_layer40_from_recovered8,reduced_nonlinearity,needs_review,13,0,0,1
ms1mv3_r50_nl13_prelu_herpn_selective9_layer42_layer41_layer40_recovered,work_dirs/ms1mv3_r50_nl13_prelu_herpn_selective9_layer42_layer41_layer40_recovered,reduced_nonlinearity,needs_review,15,0,0,1
ms1mv3_r50_nl9,work_dirs/ms1mv3_r50_nl9,reduced_nonlinearity,needs_review,2,0,1,1
ms1mv3_r50_nl9_prelu_herpn,work_dirs/ms1mv3_r50_nl9_prelu_herpn,reduced_nonlinearity,needs_review,8,0,0,1
ms1mv3_r50_nl9_prelu_herpn_fast_grouped,work_dirs/ms1mv3_r50_nl9_prelu_herpn_fast_grouped,reduced_nonlinearity,needs_review,27,0,1,1
ms1mv3_r50_nl9_prelu_herpn_fixed_recovery,work_dirs/ms1mv3_r50_nl9_prelu_herpn_fixed_recovery,reduced_nonlinearity,needs_review,0,0,0,1
ms1mv3_r50_nl9_prelu_herpn_fixed_recovery_aug,work_dirs/ms1mv3_r50_nl9_prelu_herpn_fixed_recovery_aug,reduced_nonlinearity,needs_review,0,0,0,1
ms1mv3_r50_nl9_prelu_herpn_fixed_recovery_bnfreeze,work_dirs/ms1mv3_r50_nl9_prelu_herpn_fixed_recovery_bnfreeze,reduced_nonlinearity,needs_review,0,0,0,8
ms1mv3_r50_no_relu,work_dirs/ms1mv3_r50_no_relu,polynomial_conversion,needs_review,2,0,0,1
ms1mv3_r50_no_relu_scaled8,work_dirs/ms1mv3_r50_no_relu_scaled8,polynomial_conversion,needs_review,5,0,0,2
ms1mv3_r50_no_relu_scaled8_smoke,work_dirs/ms1mv3_r50_no_relu_scaled8_smoke,polynomial_conversion,needs_review,1,0,0,1
ms1mv3_r50_no_relu_scaled8_validation_smoke,work_dirs/ms1mv3_r50_no_relu_scaled8_validation_smoke,polynomial_conversion,needs_review,1,0,0,1
ms1mv3_r50_no_relu_test,work_dirs/ms1mv3_r50_no_relu_test,polynomial_conversion,needs_review,1,0,0,1
ms1mv3_r50_pillar_d4,work_dirs/ms1mv3_r50_pillar_d4,polynomial_conversion,needs_review,29,0,0,1
ms1mv3_r50_pillar_espn_d4,work_dirs/ms1mv3_r50_pillar_espn_d4,polynomial_conversion,needs_review,19,0,0,30
ms1mv3_r50_pillar_espn_d4_scale4,work_dirs/ms1mv3_r50_pillar_espn_d4_scale4,polynomial_conversion,needs_review,12,0,0,21
ms1mv3_r50_pillar_espn_d4_scale4_layer10_scale6,work_dirs/ms1mv3_r50_pillar_espn_d4_scale4_layer10_scale6,polynomial_conversion,needs_review,10,0,0,7
ms1mv3_r50_pillar_espn_d4_scale4_stem6,work_dirs/ms1mv3_r50_pillar_espn_d4_scale4_stem6,polynomial_conversion,needs_review,8,0,0,0
ms1mv3_r50_pillar_espn_d4_scale4_unclipped,work_dirs/ms1mv3_r50_pillar_espn_d4_scale4_unclipped,polynomial_conversion,needs_review,8,0,0,3
ms1mv3_r50_prelu_herpn,work_dirs/ms1mv3_r50_prelu_herpn,polynomial_conversion,needs_review,32,0,4,19
ms1mv3_r50_prelu_herpn_layerwise_scale_range_aug,work_dirs/ms1mv3_r50_prelu_herpn_layerwise_scale_range_aug,polynomial_conversion,needs_review,7,0,0,4
ms1mv3_r50_prelu_herpn_layerwise_scale_range_aug_one_epoch,work_dirs/ms1mv3_r50_prelu_herpn_layerwise_scale_range_aug_one_epoch,polynomial_conversion,needs_review,13,0,0,4
ms1mv3_r50_prelu_herpn_layerwise_scale_range_aug_recover_group4,work_dirs/ms1mv3_r50_prelu_herpn_layerwise_scale_range_aug_recover_group4,polynomial_conversion,needs_review,8,0,0,4
ms1mv3_r50_quadratic,work_dirs/ms1mv3_r50_quadratic,polynomial_conversion,needs_review,23,0,0,1
numpy1_compat,work_dirs/numpy1_compat,unclassified,needs_review,0,0,30,0
polish_abcd_20260915,work_dirs/polish_abcd_20260915,controlled_degree2,needs_review,15,15,137,18
polish_abcd_smoke_20260915,work_dirs/polish_abcd_smoke_20260915,controlled_degree2,needs_review,8,8,41,4
progressive_best_bts_ms1k_20260917,work_dirs/progressive_best_bts_ms1k_20260917,deployment,needs_review,1,0,5,4
progressive_best_bts_scaled_20260917,work_dirs/progressive_best_bts_scaled_20260917,deployment,needs_review,1,0,1,0
progressive_best_unscaled_ijbc_20260919,work_dirs/progressive_best_unscaled_ijbc_20260919,deployment,needs_review,0,0,3,2
quadT12c_ijbc,work_dirs/quadT12c_ijbc,polynomial_conversion,needs_review,0,0,2,2
recipe_a_376808,work_dirs/recipe_a_376808,controlled_degree2,needs_review,0,0,0,0
recipe_a_376815,work_dirs/recipe_a_376815,controlled_degree2,needs_review,0,0,0,0
recipe_a_376819,work_dirs/recipe_a_376819,controlled_degree2,needs_review,0,0,0,0
recipe_a_376825,work_dirs/recipe_a_376825,controlled_degree2,needs_review,0,0,0,0
recipe_a_376829,work_dirs/recipe_a_376829,controlled_degree2,needs_review,2,1,1,0
recipe_a_376833,work_dirs/recipe_a_376833,controlled_degree2,needs_review,2,1,2,0
recipe_a_joint_378111,work_dirs/recipe_a_joint_378111,controlled_degree2,needs_review,3,1,19,0
recipe_a_joint_378114,work_dirs/recipe_a_joint_378114,controlled_degree2,needs_review,3,1,19,0
recipe_a_joint_378136,work_dirs/recipe_a_joint_378136,controlled_degree2,needs_review,3,1,240,0
recipe_a_recovery_377574,work_dirs/recipe_a_recovery_377574,controlled_degree2,needs_review,3,1,19,0
recipe_a_recovery_377580,work_dirs/recipe_a_recovery_377580,controlled_degree2,needs_review,3,1,155,0
recipe_a_recovery_377677,work_dirs/recipe_a_recovery_377677,controlled_degree2,needs_review,3,1,19,0
recipe_a_recovery_377680,work_dirs/recipe_a_recovery_377680,controlled_degree2,needs_review,3,1,19,0
recipe_a_recovery_377684,work_dirs/recipe_a_recovery_377684,controlled_degree2,needs_review,6,1,1549,0
shared_d2_A_20260913,work_dirs/shared_d2_A_20260913,controlled_degree2,needs_review,4,1,11,0
shared_d2_B_20260913,work_dirs/shared_d2_B_20260913,controlled_degree2,needs_review,4,1,10,0
shared_d2_C_20260913,work_dirs/shared_d2_C_20260913,controlled_degree2,needs_review,3,1,8,0
shared_d2_D_20260913,work_dirs/shared_d2_D_20260913,controlled_degree2,needs_review,4,1,11,0
shared_d2_campaign_20260913,work_dirs/shared_d2_campaign_20260913,controlled_degree2,needs_review,0,0,1,1
shared_d2_smoke_20260913,work_dirs/shared_d2_smoke_20260913,controlled_degree2,needs_review,2,1,1,0
student_best_degree2_folded,work_dirs/student_best_degree2_folded,deployment,needs_review,1,0,0,0
student_best_ijbc,work_dirs/student_best_ijbc,unclassified,needs_review,0,0,2,4
unclipped_round_20260913,work_dirs/unclipped_round_20260913,controlled_degree2,needs_review,66,13,1567,1
