run_id,family,evidence_status,protocol_review,config_snapshots,tar_csv_snapshots,checkpoint_sha256
adaptive_conversion_kd5_20260915,controlled_degree2,local_evidence_captured,needs_review,1,0,unknown
adaptive_conversion_pilot_20260915,controlled_degree2,local_evidence_captured,needs_review,1,0,unknown
adaptive_conversion_smoke_20260915,controlled_degree2,local_evidence_captured,needs_review,1,0,unknown
casia_r50_pillar_espn_smoke,polynomial_conversion,inventory_only,needs_review,0,0,unknown
channelwise_exact_head_20260915,channelwise_calibration,local_evidence_captured,needs_review,0,2,unknown
channelwise_goal_383290,channelwise_calibration,inventory_only,needs_review,0,0,unknown
channelwise_guarded_smoke_20260914,channelwise_calibration,inventory_only,needs_review,0,0,unknown
channelwise_ijbc96_20260914,channelwise_calibration,inventory_only,needs_review,0,0,unknown
channelwise_ijbc96_diag_20260914,channelwise_calibration,inventory_only,needs_review,0,0,unknown
channelwise_ijbc96_guarded_20260914,channelwise_calibration,inventory_only,needs_review,0,0,unknown
channelwise_ijbc96_guarded_resume_20260914,channelwise_calibration,local_evidence_captured,needs_review,0,6,unknown
channelwise_ijbc96_nopath_20260914,channelwise_calibration,inventory_only,needs_review,0,0,unknown
channelwise_ijbc96_nostress_20260914,channelwise_calibration,inventory_only,needs_review,0,0,unknown
channelwise_linear_head_20260915,channelwise_calibration,local_evidence_captured,needs_review,0,1,unknown
channelwise_pair_geometry_20260915,channelwise_calibration,local_evidence_captured,needs_review,0,1,unknown
channelwise_pair_geometry_8000_20260915,channelwise_calibration,local_evidence_captured,needs_review,0,1,unknown
channelwise_population_probe_20260915,channelwise_calibration,inventory_only,needs_review,0,0,unknown
channelwise_prelu_verified_20260915,baseline,local_evidence_captured,needs_review,0,1,unknown
channelwise_template_anchor03_20260915,channelwise_calibration,local_evidence_captured,needs_review,0,1,unknown
channelwise_template_cache_20260915,channelwise_calibration,inventory_only,needs_review,0,0,unknown
channelwise_template_cache_expanded_20260915,channelwise_calibration,inventory_only,needs_review,0,0,unknown
channelwise_template_geometry_20260915,channelwise_calibration,local_evidence_captured,needs_review,0,1,unknown
channelwise_template_population_20260915,channelwise_calibration,local_evidence_captured,needs_review,0,1,unknown
channelwise_template_population_expanded_20260915,channelwise_calibration,local_evidence_captured,needs_review,0,1,unknown
channelwise_template_supervised01_20260915,channelwise_calibration,representative_documented,documented_in_source,0,1,64e3e65555638cbe43d93f104a9d8e913346bab070e4538cebf950479fb3fddf
channelwise_template_tail01_20260915,channelwise_calibration,local_evidence_captured,needs_review,0,1,unknown
channelwise_template_tail02_20260915,channelwise_calibration,local_evidence_captured,needs_review,0,1,unknown
controlled_degree2_accuracy_recovery_frozen_l3_v2_20260908,controlled_degree2,local_evidence_captured,needs_review,1,0,unknown
controlled_degree2_accuracy_recovery_head_only_v3_20260908,controlled_degree2,representative_documented,documented_in_source,1,1,618d6ee7b6b38a35eb8f5e768df13c07a3d2acc6a7fa5287275f046e5c7e920b
controlled_degree2_accuracy_recovery_ms1mv3_v1_20260908,controlled_degree2,local_evidence_captured,needs_review,1,1,unknown
controlled_degree2_tail_ms1mv3_20260907,controlled_degree2,local_evidence_captured,needs_review,2,1,unknown
controlled_degree2_tail_ms1mv3_adversarial_smoke2_20260908,controlled_degree2,local_evidence_captured,needs_review,1,0,unknown
controlled_degree2_tail_ms1mv3_adversarial_v6_20260908,controlled_degree2,local_evidence_captured,needs_review,1,1,unknown
controlled_degree2_tail_ms1mv3_bn_contract_v14_20260908,controlled_degree2,local_evidence_captured,needs_review,0,1,unknown
controlled_degree2_tail_ms1mv3_causal_fixed_smoke2_20260908,controlled_degree2,local_evidence_captured,needs_review,1,0,unknown
controlled_degree2_tail_ms1mv3_causal_fixed_smoke3_20260908,controlled_degree2,local_evidence_captured,needs_review,1,0,unknown
controlled_degree2_tail_ms1mv3_causal_fixed_smoke_20260908,controlled_degree2,local_evidence_captured,needs_review,1,0,unknown
controlled_degree2_tail_ms1mv3_causal_fixed_v5_20260908,controlled_degree2,local_evidence_captured,needs_review,1,2,unknown
controlled_degree2_tail_ms1mv3_damping_v8_20260908,controlled_degree2,inventory_only,needs_review,0,0,unknown
controlled_degree2_tail_ms1mv3_deployment_v7_20260908,controlled_degree2,local_evidence_captured,needs_review,1,1,unknown
controlled_degree2_tail_ms1mv3_deployment_v7_hard_smoke,controlled_degree2,local_evidence_captured,needs_review,1,0,unknown
controlled_degree2_tail_ms1mv3_deployment_v7_smoke,controlled_degree2,local_evidence_captured,needs_review,1,0,unknown
controlled_degree2_tail_ms1mv3_deployment_v8_hard_smoke,controlled_degree2,local_evidence_captured,needs_review,1,0,unknown
controlled_degree2_tail_ms1mv3_exact_v10_20260908,controlled_degree2,local_evidence_captured,needs_review,1,0,unknown
controlled_degree2_tail_ms1mv3_exact_v11_20260908,controlled_degree2,local_evidence_captured,needs_review,1,0,unknown
controlled_degree2_tail_ms1mv3_lam4_20260908,controlled_degree2,local_evidence_captured,needs_review,1,2,unknown
controlled_degree2_tail_ms1mv3_layer3x2_20260908,controlled_degree2,local_evidence_captured,needs_review,1,1,unknown
controlled_degree2_tail_ms1mv3_localbn_v13_20260908,controlled_degree2,local_evidence_captured,needs_review,1,0,unknown
controlled_degree2_tail_ms1mv3_narrow_guard_v4_20260908,controlled_degree2,local_evidence_captured,needs_review,1,3,unknown
controlled_degree2_tail_ms1mv3_refine125_20260908,controlled_degree2,local_evidence_captured,needs_review,1,2,unknown
controlled_degree2_tail_ms1mv3_relative_v12_20260908,controlled_degree2,local_evidence_captured,needs_review,1,0,unknown
controlled_degree2_tail_ms1mv3_safe_v9_20260908,controlled_degree2,local_evidence_captured,needs_review,4,0,unknown
controlled_degree2_tail_source_causal_v16_20260909,controlled_degree2,local_evidence_captured,needs_review,0,1,unknown
controlled_degree2_tail_source_channel_v17_20260909,controlled_degree2,local_evidence_captured,needs_review,0,1,unknown
controlled_degree2_tail_source_channel_v18_20260909,controlled_degree2,local_evidence_captured,needs_review,0,1,unknown
controlled_degree2_tail_source_union_v15_20260909,controlled_degree2,inventory_only,needs_review,0,0,unknown
controlled_direct_degree2,controlled_degree2,representative_documented,needs_review,3,1,unknown
ms1mv3_mbf,other_backbones,inventory_only,needs_review,0,0,unknown
ms1mv3_poolformer_s24,other_backbones,inventory_only,needs_review,0,0,unknown
ms1mv3_poolformer_s24_fully_gated_affine_fp32,other_backbones,inventory_only,needs_review,0,0,unknown
ms1mv3_poolformer_s24_fully_gated_affine_grouped_fp32,other_backbones,inventory_only,needs_review,0,0,unknown
ms1mv3_poolformer_s24_fully_gated_fp32,other_backbones,local_evidence_captured,needs_review,0,1,unknown
ms1mv3_poolformer_s24_fully_gated_frozen_std_fp32,other_backbones,inventory_only,needs_review,0,0,unknown
ms1mv3_poolformer_s24_fully_gated_prepbn_fp32,other_backbones,inventory_only,needs_review,0,0,unknown
ms1mv3_poolformer_s24_fully_gated_spatial_frozen_std_fp32,other_backbones,inventory_only,needs_review,0,0,unknown
ms1mv3_poolformer_s24_gelu12_fp32,other_backbones,inventory_only,needs_review,0,0,unknown
ms1mv3_poolformer_s24_gelu8_fp32,other_backbones,inventory_only,needs_review,0,0,unknown
ms1mv3_poolformer_s24_mlp2,other_backbones,inventory_only,needs_review,0,0,unknown
ms1mv3_poolformer_s24_no_ln,other_backbones,inventory_only,needs_review,0,0,unknown
ms1mv3_poolformer_s24_no_ln_no_gelu,other_backbones,inventory_only,needs_review,0,0,unknown
ms1mv3_poolformer_s24_no_ln_x2_act,other_backbones,inventory_only,needs_review,0,0,unknown
ms1mv3_poolformer_s24_no_ln_x2_act_reverse_1block,other_backbones,inventory_only,needs_review,0,0,unknown
ms1mv3_poolformer_s36,other_backbones,inventory_only,needs_review,0,0,unknown
ms1mv3_poolformer_s36_speedup,other_backbones,inventory_only,needs_review,0,0,unknown
ms1mv3_r50,baseline,representative_documented,documented_in_source,0,0,ac658cc7cdbce5de90b8cd36de19b29f22ee283e016884f85252aa0a50a1841a
ms1mv3_r50_cheby8_finetune,polynomial_conversion,inventory_only,needs_review,0,0,unknown
ms1mv3_r50_herpn,polynomial_conversion,inventory_only,needs_review,0,0,unknown
ms1mv3_r50_herpn_blockwise,polynomial_conversion,inventory_only,needs_review,0,0,unknown
ms1mv3_r50_herpn_epoch10_channelwise_linear9,reduced_nonlinearity,inventory_only,needs_review,0,0,unknown
ms1mv3_r50_herpn_epoch10_linear9_layer3_9_low_lr,reduced_nonlinearity,local_evidence_captured,needs_review,0,2,unknown
ms1mv3_r50_herpn_epoch10_linear9_layer3_9_recovery,reduced_nonlinearity,local_evidence_captured,needs_review,0,3,unknown
ms1mv3_r50_herpn_epoch10_linear9_layer42,reduced_nonlinearity,local_evidence_captured,needs_review,0,1,unknown
ms1mv3_r50_herpn_epoch10_linear9_prelu_slope_recovery,reduced_nonlinearity,inventory_only,needs_review,0,0,unknown
ms1mv3_r50_herpn_epoch10_linear9_screen,reduced_nonlinearity,inventory_only,needs_review,0,0,unknown
ms1mv3_r50_herpn_epoch10_linear_sites,reduced_nonlinearity,local_evidence_captured,needs_review,0,2,unknown
ms1mv3_r50_herpn_epoch10_selective9_layer42,reduced_nonlinearity,inventory_only,needs_review,0,0,unknown
ms1mv3_r50_herpn_epoch10_selective9_layer42_natural,reduced_nonlinearity,inventory_only,needs_review,0,0,unknown
ms1mv3_r50_herpn_full_conversion_phase1,polynomial_conversion,local_evidence_captured,needs_review,0,5,unknown
ms1mv3_r50_herpn_full_conversion_phase1_epoch24_plus3,polynomial_conversion,local_evidence_captured,needs_review,0,3,unknown
ms1mv3_r50_herpn_full_conversion_phase1_epoch24_plus3_aborted_job335637_high_lr,polynomial_conversion,inventory_only,needs_review,0,0,unknown
ms1mv3_r50_herpn_full_conversion_phase2_bn,polynomial_conversion,local_evidence_captured,needs_review,0,1,unknown
ms1mv3_r50_herpn_full_conversion_phase2_causal_layer20,polynomial_conversion,local_evidence_captured,needs_review,0,1,unknown
ms1mv3_r50_herpn_full_conversion_phase2_conflict_aware_recovery,polynomial_conversion,local_evidence_captured,needs_review,0,3,unknown
ms1mv3_r50_herpn_full_conversion_phase2_hard_tail_recovery,polynomial_conversion,inventory_only,needs_review,0,0,unknown
ms1mv3_r50_herpn_full_conversion_phase2_ijbc_calibration,polynomial_conversion,inventory_only,needs_review,0,0,unknown
ms1mv3_r50_herpn_full_conversion_phase2_ijbc_focus1,polynomial_conversion,local_evidence_captured,needs_review,0,2,unknown
ms1mv3_r50_herpn_full_conversion_phase2_ijbc_tail_mining,polynomial_conversion,inventory_only,needs_review,0,0,unknown
ms1mv3_r50_herpn_full_conversion_phase2_joint_grouped_recovery,polynomial_conversion,inventory_only,needs_review,0,0,unknown
ms1mv3_r50_herpn_full_conversion_phase2_joint_recovery,polynomial_conversion,local_evidence_captured,needs_review,0,2,unknown
ms1mv3_r50_herpn_full_conversion_phase2_joint_tensor_recovery,polynomial_conversion,local_evidence_captured,needs_review,0,2,unknown
ms1mv3_r50_herpn_full_conversion_phase2_ms1mv3_calibration,polynomial_conversion,inventory_only,needs_review,0,0,unknown
ms1mv3_r50_herpn_full_conversion_phase2_ms1mv3_focus1,polynomial_conversion,local_evidence_captured,needs_review,0,1,unknown
ms1mv3_r50_herpn_full_conversion_phase2_ms1mv3_robust_margin,polynomial_conversion,inventory_only,needs_review,0,0,unknown
ms1mv3_r50_herpn_full_conversion_phase2_ms1mv3_robust_margin_focus1,polynomial_conversion,local_evidence_captured,needs_review,0,1,unknown
ms1mv3_r50_herpn_full_conversion_phase2_ms1mv3_tail_mining_all25,polynomial_conversion,inventory_only,needs_review,0,0,unknown
ms1mv3_r50_herpn_full_conversion_phase2_ms1mv3_tail_mining_top4096,polynomial_conversion,inventory_only,needs_review,0,0,unknown
ms1mv3_r50_herpn_full_conversion_phase2_quadratic_probe,polynomial_conversion,local_evidence_captured,needs_review,0,2,unknown
ms1mv3_r50_herpn_full_conversion_phase2_tail_mining,polynomial_conversion,inventory_only,needs_review,0,0,unknown
ms1mv3_r50_herpn_full_conversion_phase2_tail_recovery,polynomial_conversion,local_evidence_captured,needs_review,0,2,unknown
ms1mv3_r50_herpn_full_conversion_phase2_wider_ms1mv3_focus1,polynomial_conversion,inventory_only,needs_review,0,0,unknown
ms1mv3_r50_herpn_full_conversion_phase2_wider_ms1mv3_focus2,polynomial_conversion,local_evidence_captured,needs_review,0,1,unknown
ms1mv3_r50_herpn_full_conversion_phase2_wider_robust_margin,polynomial_conversion,inventory_only,needs_review,0,0,unknown
ms1mv3_r50_herpn_full_conversion_phase2_wider_tail_mining,polynomial_conversion,inventory_only,needs_review,0,0,unknown
ms1mv3_r50_herpn_residual_scale,polynomial_conversion,inventory_only,needs_review,0,0,unknown
ms1mv3_r50_layerwise_poly_d2,polynomial_conversion,inventory_only,needs_review,0,0,unknown
ms1mv3_r50_layerwise_poly_group4_d2,polynomial_conversion,local_evidence_captured,needs_review,0,1,unknown
ms1mv3_r50_layerwise_poly_group4_d2_causal_recovery,polynomial_conversion,inventory_only,needs_review,0,0,unknown
ms1mv3_r50_layerwise_poly_hard_containment_stem,polynomial_conversion,inventory_only,needs_review,0,0,unknown
ms1mv3_r50_layerwise_poly_hard_containment_stem_aborted_job322012_workers2,polynomial_conversion,inventory_only,needs_review,0,0,unknown
ms1mv3_r50_nl13,reduced_nonlinearity,local_evidence_captured,needs_review,0,1,unknown
ms1mv3_r50_nl13_precise_relu_d4_s16,reduced_nonlinearity,inventory_only,needs_review,0,0,unknown
ms1mv3_r50_nl13_precise_relu_d4_s32,reduced_nonlinearity,inventory_only,needs_review,0,0,unknown
ms1mv3_r50_nl13_precise_relu_d8_s16,reduced_nonlinearity,inventory_only,needs_review,0,0,unknown
ms1mv3_r50_nl13_prelu_herpn,reduced_nonlinearity,local_evidence_captured,needs_review,0,1,unknown
ms1mv3_r50_nl13_prelu_herpn_scaled,reduced_nonlinearity,local_evidence_captured,needs_review,0,1,unknown
ms1mv3_r50_nl13_prelu_herpn_scaled_group06_accuracy_recovery,reduced_nonlinearity,local_evidence_captured,needs_review,0,3,unknown
ms1mv3_r50_nl13_prelu_herpn_scaled_recover_group03,reduced_nonlinearity,local_evidence_captured,needs_review,0,4,unknown
ms1mv3_r50_nl13_prelu_herpn_selective7_layer41,reduced_nonlinearity,inventory_only,needs_review,0,0,unknown
ms1mv3_r50_nl13_prelu_herpn_selective7_layer42,reduced_nonlinearity,local_evidence_captured,needs_review,0,2,unknown
ms1mv3_r50_nl13_prelu_herpn_selective8_layer42_layer41,reduced_nonlinearity,local_evidence_captured,needs_review,0,1,unknown
ms1mv3_r50_nl13_prelu_herpn_selective8_layer42_layer41_recovered,reduced_nonlinearity,local_evidence_captured,needs_review,0,2,unknown
ms1mv3_r50_nl13_prelu_herpn_selective8_recovered_distill,reduced_nonlinearity,local_evidence_captured,needs_review,0,1,unknown
ms1mv3_r50_nl13_prelu_herpn_selective8_recovered_distill_lr1e3,reduced_nonlinearity,local_evidence_captured,needs_review,0,1,unknown
ms1mv3_r50_nl13_prelu_herpn_selective8_resume_distill,reduced_nonlinearity,local_evidence_captured,needs_review,0,2,unknown
ms1mv3_r50_nl13_prelu_herpn_selective8_resume_distill_lr3e4,reduced_nonlinearity,local_evidence_captured,needs_review,0,1,unknown
ms1mv3_r50_nl13_prelu_herpn_selective9_layer42_layer41_layer40_from_recovered8,reduced_nonlinearity,inventory_only,needs_review,0,0,unknown
ms1mv3_r50_nl13_prelu_herpn_selective9_layer42_layer41_layer40_recovered,reduced_nonlinearity,inventory_only,needs_review,0,0,unknown
ms1mv3_r50_nl9,reduced_nonlinearity,local_evidence_captured,needs_review,0,1,unknown
ms1mv3_r50_nl9_prelu_herpn,reduced_nonlinearity,inventory_only,needs_review,0,0,unknown
ms1mv3_r50_nl9_prelu_herpn_fast_grouped,reduced_nonlinearity,local_evidence_captured,needs_review,0,1,unknown
ms1mv3_r50_nl9_prelu_herpn_fixed_recovery,reduced_nonlinearity,inventory_only,needs_review,0,0,unknown
ms1mv3_r50_nl9_prelu_herpn_fixed_recovery_aug,reduced_nonlinearity,inventory_only,needs_review,0,0,unknown
ms1mv3_r50_nl9_prelu_herpn_fixed_recovery_bnfreeze,reduced_nonlinearity,inventory_only,needs_review,0,0,unknown
ms1mv3_r50_no_relu,polynomial_conversion,inventory_only,needs_review,0,0,unknown
ms1mv3_r50_no_relu_scaled8,polynomial_conversion,inventory_only,needs_review,0,0,unknown
ms1mv3_r50_no_relu_scaled8_smoke,polynomial_conversion,inventory_only,needs_review,0,0,unknown
ms1mv3_r50_no_relu_scaled8_validation_smoke,polynomial_conversion,inventory_only,needs_review,0,0,unknown
ms1mv3_r50_no_relu_test,polynomial_conversion,inventory_only,needs_review,0,0,unknown
ms1mv3_r50_pillar_d4,polynomial_conversion,inventory_only,needs_review,0,0,unknown
ms1mv3_r50_pillar_espn_d4,polynomial_conversion,inventory_only,needs_review,0,0,unknown
ms1mv3_r50_pillar_espn_d4_scale4,polynomial_conversion,inventory_only,needs_review,0,0,unknown
ms1mv3_r50_pillar_espn_d4_scale4_layer10_scale6,polynomial_conversion,inventory_only,needs_review,0,0,unknown
ms1mv3_r50_pillar_espn_d4_scale4_stem6,polynomial_conversion,inventory_only,needs_review,0,0,unknown
ms1mv3_r50_pillar_espn_d4_scale4_unclipped,polynomial_conversion,inventory_only,needs_review,0,0,unknown
ms1mv3_r50_prelu_herpn,polynomial_conversion,local_evidence_captured,needs_review,0,2,unknown
ms1mv3_r50_prelu_herpn_layerwise_scale_range_aug,polynomial_conversion,inventory_only,needs_review,0,0,unknown
ms1mv3_r50_prelu_herpn_layerwise_scale_range_aug_one_epoch,polynomial_conversion,inventory_only,needs_review,0,0,unknown
ms1mv3_r50_prelu_herpn_layerwise_scale_range_aug_recover_group4,polynomial_conversion,inventory_only,needs_review,0,0,unknown
ms1mv3_r50_quadratic,polynomial_conversion,inventory_only,needs_review,0,0,unknown
numpy1_compat,unclassified,inventory_only,needs_review,0,0,unknown
polish_abcd_20260915,controlled_degree2,local_evidence_captured,needs_review,4,5,unknown
polish_abcd_smoke_20260915,controlled_degree2,local_evidence_captured,needs_review,8,0,unknown
progressive_best_bts_ms1k_20260917,deployment,representative_documented,documented_in_source,0,1,f6b8fddafc8d8cfca5127d1732781b6eeaa7d9e7727524d5123e002bd1165dc1
progressive_best_bts_scaled_20260917,deployment,inventory_only,needs_review,0,0,unknown
progressive_best_unscaled_ijbc_20260919,deployment,representative_documented,documented_in_source,0,1,3b3298217fcc54a368b045f50d85e8e0d9c845f305e7f1212640838c160f6b39
quadT12c_ijbc,polynomial_conversion,local_evidence_captured,needs_review,0,1,unknown
recipe_a_376808,controlled_degree2,inventory_only,needs_review,0,0,unknown
recipe_a_376815,controlled_degree2,inventory_only,needs_review,0,0,unknown
recipe_a_376819,controlled_degree2,inventory_only,needs_review,0,0,unknown
recipe_a_376825,controlled_degree2,inventory_only,needs_review,0,0,unknown
recipe_a_376829,controlled_degree2,inventory_only,needs_review,0,0,unknown
recipe_a_376833,controlled_degree2,inventory_only,needs_review,0,0,unknown
recipe_a_joint_378111,controlled_degree2,inventory_only,needs_review,0,0,unknown
recipe_a_joint_378114,controlled_degree2,inventory_only,needs_review,0,0,unknown
recipe_a_joint_378136,controlled_degree2,inventory_only,needs_review,0,0,unknown
recipe_a_recovery_377574,controlled_degree2,inventory_only,needs_review,0,0,unknown
recipe_a_recovery_377580,controlled_degree2,inventory_only,needs_review,0,0,unknown
recipe_a_recovery_377677,controlled_degree2,inventory_only,needs_review,0,0,unknown
recipe_a_recovery_377680,controlled_degree2,inventory_only,needs_review,0,0,unknown
recipe_a_recovery_377684,controlled_degree2,inventory_only,needs_review,0,0,unknown
shared_d2_A_20260913,controlled_degree2,local_evidence_captured,needs_review,0,1,unknown
shared_d2_B_20260913,controlled_degree2,local_evidence_captured,needs_review,0,1,unknown
shared_d2_C_20260913,controlled_degree2,local_evidence_captured,needs_review,0,1,unknown
shared_d2_D_20260913,controlled_degree2,local_evidence_captured,needs_review,0,1,unknown
shared_d2_campaign_20260913,controlled_degree2,inventory_only,needs_review,0,0,unknown
shared_d2_smoke_20260913,controlled_degree2,inventory_only,needs_review,0,0,unknown
student_best_degree2_folded,deployment,inventory_only,needs_review,0,0,unknown
student_best_ijbc,unclassified,local_evidence_captured,needs_review,0,1,unknown
unclipped_round_20260913,controlled_degree2,local_evidence_captured,needs_review,0,7,unknown
